path_id,true_class,gpt_class,vrmsmodel_class,gpt_generation_status,evidence_sha256
path_001,Low,Low,Low,cloud_verified,d07f4908591362bd71b0f9200da2829a2c248d5949bb0a7cc8f2316cd575bad6
path_002,Low,Low,High,cloud_verified,221373749babd1286c19fe882c1a4bae0d6b3663bd46c8e56a9cd808ce3e18ba
path_003,Low,Low,High,cloud_verified,fb097424a24569122fed285c101a8b310692b0603bb42912f7765975c31ed223
path_004,Low,High,High,cloud_verified,bf442cc01f79739eadf66a458320d59341d9fdebfa5872e9314ff4e54b969fff
path_005,Low,High,High,cloud_verified,0bec538fe22849228ef7a99936a673767975ee9ab2a2b02257ccdbc245045d14
path_006,Low,Low,Low,cloud_verified,bc67a095d446289d80cbea629dbbeef1bce2642616a7d69a0ec2427768f69040
path_007,High,Low,Low,cloud_verified,b0d701b2ccab5c1ced572a35bc63290bdaa698051a2dc0d8700461b3b222f63b
path_008,High,Low,Low,cloud_verified,176665c8cc1741d8707c2ab7990ccf6b3cc4bced93a46c160fdc768161bad7d5
path_009,High,Low,Low,cloud_verified,48543cd88c1083836d2a03a4c20a86b4b86729df3f88035c031965a352e998a2
path_010,High,Low,Low,cloud_verified,8b9c020d7f4af78b3c6cd3caec101434d1b075fbf442eb52f7d2bcfe2fd7fafe
path_011,High,Low,Low,cloud_verified,9b898e468fed1a0339d5eae38bc1042606d2b7d7267866333c00e91479a6b7b6
path_012,Low,High,Low,cloud_verified,fce6345b2ffdcb3baa935430125bdfd152ad4fd84ca4cf2f4c3edc15e778ba7e
path_013,High,High,High,cloud_verified,fc102cc3cb41ead5fc9111b7cf31fee10796007696c58af5a9b7c9257ff11aae
path_014,High,High,High,cloud_verified,ab23330303e8c72eda7f304e527b71ba0febec06b2ed927effc99db593b49d39
path_015,High,High,High,cloud_verified,7b1f3e15e31f9907916aef68308ac4d5a1f0b51da7b8b68d7764b322948c90a4
path_016,High,High,High,cloud_verified,057e5b93845f98248645bb5100e6deff2334b7c57bb823430b0872a530410272
path_017,Low,Low,Low,cloud_verified,945abcf707e9bd2571467fc2f3246f9743e30e403c256e27f6d7d3677fe04829
path_018,Low,Low,Low,cloud_verified,c1df6ead4dc00af1304b8b4c9a27e86c46e589204c5f2ab6f9ca71d3b52bd1f9
path_019,Low,Low,Low,cloud_verified,91e75b51f7ad4aac9030a5d150de07c57926a99f0f354b96b2edd20bdcb9badc
path_020,High,Low,Low,cloud_verified,21582dec5bee3a88f575fae555b09a700b0e187063e5923971046544549f1498
path_021,Low,Low,Low,cloud_verified,acf420a241deee4fdafbce4da4bd9e1c834583be11be74954a38b3d45dcf6229
path_022,Low,Low,Low,cloud_verified,4d149f431c895c9e9747994cd935939e4e9a9212800e71e8bb080cf31a6e24c1
path_023,Low,Low,Low,cloud_verified,6402a4eede5264657070b8161cf1ce92864cf3e8dfe9287d6769389d1ef4c74e
path_024,Low,Low,Low,cloud_verified,fe0c11ac76ae0c9aa45f3fa59ce4a324fd0313ccf94c85347ab46031688a92ad
path_025,Low,Low,Low,cloud_verified,121c5dc565cd90873cb8aaf4ce7c875fcc174033780343585cd11bef5fa85af1
path_026,High,High,High,cloud_verified,936224398f67f6d53fbe19446fe06d993c1d3716150756f968c130838abbedfc
path_027,High,High,High,cloud_verified,2711ae17f20d3b079e87e8cb861b223ec834ab73d92cc30fb16eaae9c138f91c
path_028,High,High,High,cloud_verified,2ef3e3cf042950b43bdda5de243c6b586c94dac220e33f0bb48d6f5698386cd9
path_029,High,High,High,cloud_verified,e1160889dc23367fedadb09e9d71d9cf7c0521d4032578440b5d465ce876100e
path_030,High,High,High,cloud_verified,1e863d1dbb06d5b8d346cd6595965596f953b57faac91c44246eeda1a32e9be2
path_031,High,High,High,cloud_verified,b4f43d824b2478d76362c1c7e5976af41dcdeceb0e807caab73320a3271e1673
path_032,High,High,High,cloud_verified,b16dd55df0e0ba3388606ce07defcafe1018a9370b8b55f625432feb259e87e4
path_033,Low,High,High,cloud_verified,b6531c244fe065f0872864447c10048f94625a170eaee7d15379e53b1d2f6425
path_034,High,High,High,cloud_verified,331a03faf9ae4b6d12a5cc9ee48c6ebd1e452dde1e776733a541d2f05aaee51f
path_035,High,High,High,cloud_verified,9f0ba1a22766b8822523321ed86cfb9cb22a42c53bcb8aca683fe58bad3f0fd0
path_036,High,High,High,cloud_verified,547868f4bc569d3bcd74c01a4dd865884e3862129b00dcc9f45452b6387bcae7
path_037,High,High,High,cloud_verified,780031e254967f67787b7b402ee5c459b28d6f3309c4af88d8132dbb38c27ed6
path_038,High,High,High,cloud_verified,e1ddb649878188b1154b23d70aac7179f124aadcb0945c5df4fe81a741273e26
path_039,High,High,High,cloud_verified,d03e9c49696ddda293867b649a8886719b358f8964787b08f882898a78f5a062
path_040,High,High,High,cloud_verified,840ac56a369701392e165ff97513cbd9659f5ff023615771a3a367a1d8596423
path_041,High,High,High,cloud_verified,98383b7bba89cc4feb02d03e99c76e75d973b78f66307fce84a44a465e5aa766
path_042,High,High,Low,cloud_verified,cf067766fde2e3249d49350d2a00b6682dd83874f77643b5d4edb71a38d72a0f
path_043,Low,High,Low,cloud_verified,386954a5ea2ad6db71b20df7f5feae6feee5ca547bbe5a63a905c631c3bd9082
path_044,Low,High,Low,cloud_verified,10c8b343ee7c8cfab86e92db35f4d81f05ea22661dc193aa5df4142ec3c7122a
path_045,High,Low,Low,cloud_verified,4b1ab9c1f5a1b7d6048a1f7210533eb768777f9140e2529048cff99173a711d0
path_046,High,Low,Low,cloud_verified,2e2e0bacf61ab191b60ca311e5019cd2436bb09d5cbd445782b83743b1596d32
path_047,High,Low,High,cloud_verified,83da3846b1212e8144afd7f977a221d8ff65dd634d24ad1401d91aab9ad39ae4
path_048,High,High,Low,cloud_verified,f55733a5bac599b07666b0833a749c9515b7e0e26f43a37e59f6141faa6f6124
path_049,High,High,Low,cloud_verified,204614c9bdd64f40199e91aca2134ebe10be94e1faf0d07b56998f066f1d2712
path_050,Low,Low,Low,cloud_verified,bcb2fbc728baf03ef4d91555974c0fe882bc4cf35836bd240b73b43a655e7781
path_051,High,High,High,cloud_verified,b473fd5bf255892aec82c82a91acb9b9dbee71d4bc4ac585cc53a45447b494fa
path_052,Low,High,Low,cloud_verified,2e097ca8762a5c75562337cd91270c2c4388f8ac4312d6f5b190fac98def75f5
path_053,High,Low,Low,cloud_verified,4e42719e34eb0065b49522e47fc1c1b6ee9af903c62f86298c039dddd56c0072
path_054,Low,Low,Low,cloud_verified,a179d1db3785dfb5929f2a01023216801415297883613d87675f99aa7c42daa7
path_055,High,High,Low,cloud_verified,e55c63468f9a27ab1b02b5e4dbe9b622cd8abadc3ab9469c4a046acdf1d64786
path_056,High,High,High,cloud_verified,30116103caa801ed8344ecd0704e22b4b132cbfb9a5187e5e075f36c4513ed43
path_057,High,High,High,cloud_verified,6f68c328861c42d0aa50f1411dcc9769b7093dd97c17dba04173e75764737d48
path_058,High,High,Low,cloud_verified,2ceeef3ef5eefb75ccdd2704c881de0dd1c906990f6c20dc96fccf369c929186
path_059,High,High,High,cloud_verified,e5abb3b05205580480c65b47a5baaa77f719c01478ed4a01332ba3b0e298b1a9
path_060,High,High,High,cloud_verified,b8f5ab92548bbbc33c941dd5cc0c0d798be13b675b226fc2248328ce36bec1f1
path_061,High,High,Low,cloud_verified,bba0e0fd9557d4221ed2ab3ff1685d07745bbb7d41a82cb77d5f635207daf0fe
path_062,High,High,Low,cloud_verified,3c9409f02868a4f968c0e0ac1d9083fd2c0e630924209ad2d75bae6f61658276
path_063,High,High,Low,cloud_verified,dc06a718e3cf3f7ea9e85e1d578acf06a2ced49115978c2d1f410f7ae3a99491
path_064,High,High,High,cloud_verified,e5f0ffd232fe0e53b448958d7fcdeca1d1dbc047551d3adda7cd1d3179a75388
path_065,High,High,High,cloud_verified,8d5d3ad289a15ccd0a6c63cf3bbabcd754bdeca9c5934dc8bf0f27f643a20428
path_066,Low,Low,High,cloud_verified,19238cb437ae0295d17cfd5d0ff1f7128b424e7ee6cebe8bc2b73e04e7c24843
path_067,Low,Low,High,cloud_verified,5d429ca97e69dac6d728035492b8b84c3a285298c04fa32e769310db02e6458c
path_068,Low,Low,High,cloud_verified,c671ebc02bfd5c6a5d205b9c377a78959a08da35f0d2c9e14b758baeaf821de1
path_069,Low,Low,High,cloud_verified,a3f8466b043f3006c8aa7200be6a52a7ed865b6600ecb873fc004245a1b16122
path_070,Low,Low,High,cloud_verified,ef5062c1422a2114db9fba9541ac73eac784929d992453816a6c8cccfb57d378
path_071,Low,Low,High,cloud_verified,f5007564680491ef7f2eafc9b7f0ea5e6e2e27e971f8f506c8bb486ceab7116a
path_072,Low,Low,High,cloud_verified,1e3476e72057a437e1127084a83e20e3248445c0cf6b645ce55e78c1502e8bc1
path_073,Low,Low,Low,cloud_verified,6e5066cd1d92b4e837d603ea9592ac965af59d7fbcc5c609faea8489087c9eb4
path_074,High,High,High,cloud_verified,dbd7cf331fd739f5025e0e1c70d1fb4bbfa71ac39b134f255ef793e3a6d55fff
path_075,Low,High,Low,cloud_verified,30ad03f3a55e5602b45ffe9ae4b45533754b6d1cb1b3130d9334ddca0e6b670d
path_076,High,High,High,cloud_verified,cbbb0f230d220611f22f5163f3c3c19248ab3b3ae543239073e06f7a44fdcfc6
path_077,Low,High,Low,cloud_verified,878e692d64cbde79200935b73c60c317e11fe15f79f30a2ad21aaacbcf033620
path_078,High,High,Low,cloud_verified,7c92218737ccb60ade671e5734b857eecbe4bc3c6b6394eb12b4a5873922c629
path_079,High,High,Low,cloud_verified,e8158db825953717cda90ff6a799511126afe74a0df119748509283fbb3033af
path_080,Low,Low,Low,cloud_verified,3598add5347ed5837bc4778669facd217123e88c870b40b79723da3123647bac
path_081,Low,Low,Low,cloud_verified,4fc280bfc1a0524af15585394617227cf023df32be64f697ecc4a51f2fa8b37a
path_082,Low,Low,Low,cloud_verified,fcb3fb6d402e92938db82a2ecc09b7e550b9e7147f62521407ac4434123c3513
path_083,Low,Low,Low,cloud_verified,fc2355d70151407d1d85f5863c557f747d06a5cbe8674a49341d295eef581fc1
path_084,Low,Low,Low,cloud_verified,8f8be37ba9fc3bf67aff7c417e3bbe401a6a93c99f5ce12f333d00f8d049ebec
path_085,Low,Low,Low,cloud_verified,21ef6ef417a73a85f836c538d6f4190aff2de0427354c6d108d9f808bce07e69
path_086,Low,Low,Low,cloud_verified,91f800d35300c6dadb860f13fadcfd1f448d71dfe836e8ac028b4e0f1ae061ab
path_087,Low,Low,Low,cloud_verified,54ac7a83f09602b43cfd4e3e488589be1ce1dbb90421a4a1e623a139374f9730
path_088,Low,Low,High,cloud_verified,edc0578f89bbc301136efeb11eab913cd7c174ddaf23b4226b10a8ea110fd534
path_089,Low,Low,Low,cloud_verified,2d991be945146556a09bcb382ea2d146558c918f49a01b00cbd4885be3175983
path_090,High,Low,Low,cloud_verified,b2e51948b62140d74d13827a409717d783b08e12b5d15161e723e0e9b0ae351e
path_091,Low,Low,Low,cloud_verified,858296cdee2459e4cedceabc95b3afea69bd4b54410f0ac078e72d526d25d718
path_092,Low,Low,High,cloud_verified,8ba02c89448ae57a112f4454615552a22db7996a084e7937ac56f4b63e8b08cc
path_093,Low,Low,High,cloud_verified,6a7f06117909b55affba41ce699b0f09c34d9a7bad6659cc74825e2a00a8a938
path_094,Low,High,Low,cloud_verified,46ecca0076cc07cd8fd8eb5471dd6c9610095592d9f4b949901520509eac6e9f
path_095,Low,High,Low,cloud_verified,a314aa763661c0374172dd988092d5dd825a285dbc87dc21cbdcbb081f8fc872
path_096,Low,High,Low,cloud_verified,83ee5f32cc0aff8456e9f2fdae186a4770c5706ab65573bd6f2cb699ec4b565c
path_097,High,High,High,cloud_verified,5f99794caff7c6b95e5eed32417c674b15ec50834ffcbed99011ea3112692c34
path_098,High,High,High,cloud_verified,f331f1bf20175a9fc2f455770753a5b82a060714675159b4146d8fd4aa6e634d
path_099,High,High,High,cloud_verified,9a2838e9ed67a407c88c570a19a2dd906ba90ae12354b39a63507d5733ba13c7
path_100,High,High,Low,cloud_verified,365ef30c23ad85510fdd5af5407ba4b5246f2e0de7c17e086168d0afd3172b06
path_101,High,High,Low,cloud_verified,a07c66b050d3e9a4836d9e6379f35249757d59c77ae090bad9ce3c30f0352d4d
path_102,High,High,High,cloud_verified,700db0a19dd2adbca1aa434c2363fd960947d5f2a3052462c36b2dc135141747
path_103,Low,High,Low,cloud_verified,0460cdccc67788d4c5656dd5da6542667ced0771e7616ef087ca4d1152c1f31c
path_104,Low,Low,Low,cloud_verified,d3616386607558a63af59088b76dc2496ca62459f16aed863e173025b27ef4c7
path_105,Low,High,High,cloud_verified,b7b0cd016c311f56b04aff6f4487a911bbcb753307349d406dc40839a3fc9a91
path_106,High,High,High,cloud_verified,e9313ede2f78f86c2059d552c348df2cfc653e79de3b25f57ca9f397fcab920b
path_107,High,Low,High,cloud_verified,669cdfa4cd61edf2aa912f33bcf121f7f3fab1130111f5c3bbf91b5ceda9bd3c
path_108,High,High,High,cloud_verified,701a66baeb5a4021acc54d5fd9ffc1d06e3bb1d7a0d73dc67795805a4c4498a5
path_109,Low,Low,Low,cloud_verified,a22072aaa3a2742527db03f7515e58596f493945e4d64d437f9d988de77bf70d
path_110,Low,Low,Low,cloud_verified,15ee8e423446686087b9368e37d25453042eaead5ac2c7cf0fd23d3b91743506
path_111,Low,Low,Low,cloud_verified,db5a3a9de9a54f3f98333d1c0912a4259db59a0a9ea7b86c61661c650f2eae7c
path_112,Low,Low,Low,cloud_verified,605b68222874ffcab2214f07240f72359cda46e1309e8facb026e1e9a96f336c
path_113,Low,Low,Low,cloud_verified,6fd3cc458262cb438827033a3898704cd47778dd58c37ae3b0b99602b60f1e40
path_114,Low,Low,Low,cloud_verified,12a0752ec3adbf687aaf6ab96abc3ba4dd176424f281454ff247f6e49a47ab27
path_115,Low,Low,Low,cloud_verified,643768943217921f66aac1b84ed516867183e38b7cc68bca6b81e0c3412a52ff
path_116,Low,Low,Low,cloud_verified,a30522e15d859e36595b08410626271ad8d56d5eee69d005428f22db13b5e9ea
path_117,Low,Low,Low,cloud_verified,fbc634152567b2363975ebf2b04848f90f435c14d740d95bc38cb1b88c26feb3
path_118,Low,Low,Low,cloud_verified,2a817b1409262c52f90d705be9718ee699c9f3744326f25c1d40faf6667dcb3c
path_119,Low,Low,Low,cloud_verified,8c3eda3a0dc25fc2163a662de92b7c7014f1490335c080033b6974eda96ea68c
path_120,Low,High,Low,cloud_verified,73f210db73b80fc4c59a11ebeff832a9f2cc348ddff610eb48cd1c74519710cd
path_121,High,High,Low,cloud_verified,fb1ce40d174cfa7197a1732432070a500acf35c410d9a4d7331fd9bef6b19d9f
path_122,High,High,Low,cloud_verified,a7b4dcc35213730f7e0f96ade3af63abf48d188c30e41e5330ca4843a6cfbb9d
path_123,High,High,Low,cloud_verified,e9eadcbe7bea5d5e172161166114b69c7b24cc0fed15d76ec0a95cdcf5175480
path_124,High,High,Low,cloud_verified,5d46b2a6e31ee9123bdaa402fe8a0bc2def3915fe0cee0cf5d344c2947b9a256
path_125,High,Low,High,cloud_verified,e108d1b6867206f27dcfccd15b414994a2036e3d1938952a4c4eb85045a17012
path_126,High,Low,Low,cloud_verified,399645c620fe0c7be5747b06f4ceef7262660b37ebf9940f678210fb602cf5aa
path_127,High,Low,Low,cloud_verified,cfe2810d7286fed86ddf6168e405002f0090458a2c8f9919eaceafce0635978d
path_128,Low,Low,Low,cloud_verified,b6a6b7832348a0c1e9cd0e372978a3cca36c519933f94772bc15a33e1c92a45d
path_129,Low,Low,Low,cloud_verified,5683dcf97d25d9adca03ded0a08106c495d93e6069e44d0a0c202f42105b09fc
path_130,High,Low,Low,cloud_verified,630d01a2a9ea4c67338a03678cc02d44d7db185cf35af406439976f3d9e92ada
path_131,Low,Low,Low,cloud_verified,5e5bb37f78a332dcf924195bf3f0190c6107b4a330b411fa8944957300d4c1e3
path_132,High,Low,Low,cloud_verified,5c146c0ce86319a322d5a4a031225c8b614c9b0314e14cb32e0c1159a724f45a
path_133,High,Low,Low,cloud_verified,139707d28b425acbe1c989dc973abb416be7484627f885def57fb4106fb84fdc
path_134,High,High,High,cloud_verified,cbf7e775e76f720e9178e8f26d1344988ce7b06c3ae28c035a54861753b86514
path_135,High,High,High,cloud_verified,80d50f9a1279e8338d280054f5068aeedc3ab4feffaa42f2f8e2372e033ce56f
path_136,High,High,High,cloud_verified,cc9584392cf79c5ddbededec251512a30a246904558d2292426e4ee1d9145733
path_137,Low,High,High,cloud_verified,10ad71d9944a4c7c6fc338c850c3dc04539259b0ce9fb51300096d429d985227
path_138,Low,High,High,cloud_verified,5a134e3662a72ab15de47c0ff9b1dd1a1312d59abd7356e36f3c8b448b9a8ce0
path_139,Low,High,High,cloud_verified,ba430ab674e6cefad5dd57c368b883fbcac1fb9cee37355acfb0b0d64ffb97e7
path_140,Low,High,High,cloud_verified,81b4ab66677b797edba200d416cc210e2084eeae0f212be359513745971d2af5
path_141,Low,High,High,cloud_verified,779cd45dceada746db50d4273bc321f722015d304267fe5c910ed9f93897c068
path_142,High,High,High,cloud_verified,4b6751e98eb262b25753504862002da5e1a51db4831d7d50cc14fe7507fb2b4b
path_143,High,High,High,cloud_verified,ddbf9825417f3e198d388e4c2bbfd5eae3dd01e65c70677e9fcfd51dcb9d46cf
path_144,High,High,High,cloud_verified,5c229e25b9f44f6b518e8f25b8e21b2d495355194842712a34da8195e4c5766a
path_145,High,High,High,cloud_verified,5fc4ae4bd88279cf5eb1129f71dcee0ef360df8ec23c48522d9b98094b5cf187
path_146,High,High,High,cloud_verified,066e33120106ddbdb7f85490ed8195924942287cb7bbc49ecd5daeec5bfa7ff8
