query_id,subject_group,true_class,without_rag_class,without_rag_confidence,rag_class,rag_confidence,pilot24,without_rag_provider,rag_provider,without_rag_citation_warning
q001,s01,Low,High,medium,Low,low,0,CPA,CPA,0
q002,s01,Low,Low,medium,Low,medium,0,CPA,CPA,0
q003,s01,Low,Low,low,Low,low,1,CPA,CPA,0
q004,s01,Low,High,medium,High,low,0,CPA,CPA,0
q005,s01,Low,High,medium,High,low,0,CPA,CPA,0
q006,s02,High,High,medium,High,medium,0,CPA,CPA,0
q007,s02,High,High,medium,High,medium,1,CPA,CPA,0
q008,s02,High,Low,low,Low,low,0,CPA,CPA,0
q009,s02,Low,Low,low,Low,medium,0,CPA,CPA,0
q010,s02,High,Low,low,Low,low,0,CPA,CPA,0
q011,s02,High,High,low,Low,medium,0,CPA,CPA,0
q012,s03,High,High,medium,High,medium,0,CPA,CPA,0
q013,s03,High,High,high,High,high,1,CPA,CPA,0
q014,s03,Low,High,medium,High,medium,0,CPA,CPA,0
q015,s03,High,High,medium,High,high,0,CPA,CPA,0
q016,s03,High,High,medium,High,medium,0,relay,CPA,0
q017,s04,Low,Low,high,Low,high,1,CPA,CPA,0
q018,s04,High,Low,high,Low,high,0,CPA,CPA,0
q019,s04,Low,Low,high,Low,high,0,CPA,CPA,0
q020,s04,Low,Low,medium,Low,high,0,CPA,CPA,0
q021,s04,Low,Low,high,Low,high,0,CPA,CPA,0
q022,s04,Low,Low,high,Low,high,0,CPA,CPA,0
q023,s04,Low,Low,medium,Low,high,0,CPA,CPA,0
q024,s05,High,High,high,High,medium,0,CPA,CPA,0
q025,s05,High,High,medium,High,medium,0,CPA,CPA,0
q026,s05,High,High,high,High,high,1,CPA,CPA,0
q027,s05,Low,High,medium,Low,low,0,CPA,CPA,0
q028,s05,High,High,high,High,high,0,CPA,CPA,0
q029,s05,High,High,high,High,high,0,CPA,CPA,0
q030,s05,High,High,high,High,high,0,CPA,CPA,0
q031,s05,Low,High,high,High,high,0,CPA,CPA,0
q032,s05,Low,Low,low,Low,medium,0,CPA,CPA,0
q033,s05,High,High,medium,Low,low,0,CPA,CPA,0
q034,s06,High,High,high,High,medium,0,CPA,CPA,0
q035,s06,High,High,high,High,medium,0,CPA,CPA,0
q036,s06,High,High,high,High,medium,0,CPA,CPA,0
q037,s06,High,High,high,High,high,0,CPA,CPA,0
q038,s06,High,High,high,High,medium,0,CPA,CPA,0
q039,s06,High,High,medium,High,medium,0,CPA,CPA,0
q040,s06,High,High,high,High,medium,1,CPA,CPA,0
q041,s07,High,High,medium,High,medium,1,CPA,CPA,0
q042,s07,High,High,medium,High,high,0,CPA,CPA,0
q043,s08,High,Low,medium,Low,medium,0,CPA,CPA,0
q044,s08,High,Low,low,Low,low,0,CPA,CPA,0
q045,s08,High,Low,low,High,low,0,CPA,CPA,0
q046,s08,High,Low,medium,High,medium,0,CPA,CPA,0
q047,s08,Low,Low,medium,Low,medium,0,CPA,CPA,0
q048,s08,Low,Low,low,Low,medium,1,CPA,CPA,0
q049,s08,High,Low,low,Low,medium,0,CPA,CPA,0
q050,s09,High,High,high,High,high,1,CPA,CPA,0
q051,s09,Low,Low,medium,Low,medium,0,CPA,CPA,0
q052,s10,High,High,medium,High,medium,0,CPA,CPA,0
q053,s10,High,High,high,High,medium,0,CPA,relay,0
q054,s10,High,High,medium,High,medium,0,CPA,relay,0
q055,s10,Low,Low,medium,Low,medium,1,CPA,CPA,0
q056,s10,High,Low,medium,High,low,0,CPA,CPA,0
q057,s10,Low,Low,medium,Low,medium,0,CPA,CPA,0
q058,s11,High,High,medium,High,medium,0,CPA,CPA,0
q059,s11,High,High,high,High,high,1,CPA,CPA,0
q060,s11,High,High,high,High,medium,0,CPA,CPA,0
q061,s12,High,High,high,High,high,1,CPA,CPA,0
q062,s12,High,High,medium,High,high,0,CPA,CPA,0
q063,s12,High,High,high,High,high,0,CPA,CPA,0
q064,s12,High,High,medium,High,medium,0,CPA,CPA,0
q065,s12,High,High,medium,High,medium,0,CPA,CPA,0
q066,s13,Low,Low,medium,Low,high,1,CPA,CPA,0
q067,s13,Low,Low,medium,Low,high,0,CPA,CPA,0
q068,s13,Low,Low,medium,Low,high,0,CPA,CPA,0
q069,s13,Low,Low,medium,Low,medium,0,CPA,CPA,0
q070,s13,Low,Low,low,Low,medium,0,CPA,CPA,0
q071,s13,Low,Low,high,Low,high,0,CPA,CPA,0
q072,s13,High,High,low,High,medium,0,CPA,CPA,0
q073,s13,Low,Low,medium,Low,high,0,CPA,CPA,0
q074,s13,Low,Low,medium,Low,high,0,CPA,CPA,0
q075,s14,High,Low,medium,High,medium,0,CPA,CPA,0
q076,s14,High,Low,medium,High,medium,1,CPA,CPA,0
q077,s14,High,Low,medium,High,medium,0,CPA,CPA,0
q078,s14,Low,Low,medium,High,medium,0,CPA,CPA,0
q079,s14,Low,Low,medium,High,medium,0,relay,CPA,1
q080,s15,Low,Low,medium,Low,medium,1,CPA,CPA,0
q081,s15,Low,Low,high,Low,medium,0,relay,CPA,0
q082,s15,Low,Low,medium,Low,low,0,CPA,CPA,0
q083,s15,Low,Low,medium,Low,medium,0,CPA,CPA,0
q084,s15,Low,Low,high,Low,medium,0,CPA,CPA,0
q085,s15,Low,Low,medium,Low,medium,0,CPA,CPA,0
q086,s15,Low,Low,high,Low,medium,0,CPA,CPA,0
q087,s15,Low,Low,medium,Low,medium,0,CPA,CPA,0
q088,s15,Low,Low,medium,Low,medium,0,CPA,CPA,0
q089,s16,Low,High,medium,Low,medium,0,CPA,CPA,0
q090,s16,Low,High,medium,High,medium,1,CPA,CPA,0
q091,s16,Low,Low,medium,Low,high,0,CPA,CPA,0
q092,s16,High,Low,high,Low,high,0,CPA,CPA,0
q093,s16,Low,Low,high,Low,high,0,CPA,CPA,0
q094,s17,High,High,high,High,medium,0,CPA,CPA,0
q095,s17,High,High,medium,High,medium,0,CPA,CPA,0
q096,s17,High,High,medium,High,medium,0,CPA,CPA,0
q097,s17,High,High,medium,High,medium,1,CPA,CPA,0
q098,s17,High,High,medium,High,medium,0,CPA,CPA,0
q099,s17,High,High,high,High,medium,0,CPA,CPA,0
q100,s17,Low,High,medium,High,medium,0,CPA,CPA,0
q101,s17,Low,High,medium,High,medium,0,CPA,CPA,0
q102,s17,Low,High,medium,High,medium,0,relay,CPA,1
q103,s18,High,Low,low,High,medium,1,CPA,CPA,0
q104,s18,Low,High,medium,High,medium,0,relay,CPA,0
q105,s18,Low,Low,medium,High,low,0,relay,CPA,0
q106,s18,Low,Low,medium,High,medium,0,relay,CPA,1
q107,s19,High,Low,medium,High,medium,1,CPA,CPA,0
q108,s19,High,Low,medium,Low,medium,0,relay,CPA,0
q109,s20,Low,Low,medium,Low,medium,1,CPA,CPA,0
q110,s20,Low,Low,medium,Low,medium,0,relay,CPA,1
q111,s20,Low,Low,medium,High,medium,0,relay,CPA,0
q112,s20,Low,Low,medium,High,medium,0,relay,CPA,0
q113,s20,Low,Low,medium,Low,medium,0,relay,CPA,0
q114,s20,Low,Low,medium,Low,medium,0,relay,CPA,0
q115,s20,Low,Low,medium,Low,medium,0,relay,CPA,0
q116,s20,Low,Low,medium,Low,medium,0,relay,CPA,0
q117,s20,Low,Low,medium,Low,medium,0,relay,CPA,1
q118,s20,Low,Low,medium,High,medium,0,relay,CPA,0
q119,s21,High,Low,medium,Low,low,0,relay,CPA,1
q120,s21,High,Low,high,Low,low,0,relay,CPA,1
q121,s21,High,Low,medium,Low,medium,0,relay,CPA,1
q122,s21,Low,Low,medium,Low,medium,0,relay,relay,0
q123,s21,Low,Low,low,Low,medium,0,relay,relay,0
q124,s21,High,High,medium,High,medium,0,relay,CPA,0
q125,s21,High,Low,medium,Low,medium,1,CPA,CPA,0
q126,s22,High,Low,high,Low,medium,1,CPA,CPA,0
q127,s22,High,Low,medium,Low,medium,0,relay,CPA,0
q128,s23,Low,Low,medium,Low,medium,0,relay,CPA,0
q129,s23,High,Low,medium,Low,medium,0,relay,CPA,0
q130,s23,High,Low,medium,Low,medium,0,relay,relay,0
q131,s23,High,High,high,High,medium,0,relay,relay,0
q132,s23,High,High,medium,High,medium,0,relay,relay,0
q133,s23,High,High,medium,High,medium,1,CPA,CPA,0
q134,s23,Low,Low,medium,Low,high,0,relay,relay,0
q135,s23,High,Low,medium,Low,medium,0,relay,relay,0
q136,s23,Low,Low,medium,Low,high,0,relay,relay,0
q137,s24,Low,High,high,High,high,0,relay,relay,0
q138,s24,High,High,high,High,high,0,relay,relay,0
q139,s24,High,High,medium,High,high,0,relay,relay,1
q140,s24,Low,High,medium,High,high,0,relay,relay,0
q141,s24,High,High,medium,High,high,0,relay,relay,0
q142,s24,High,High,high,High,high,0,relay,relay,0
q143,s24,High,High,medium,High,high,0,relay,relay,1
q144,s24,Low,High,medium,High,high,1,CPA,CPA,0
q145,s24,Low,High,medium,High,medium,0,relay,relay,0
q146,s24,Low,High,low,Low,medium,0,relay,relay,0
